code,name,categories,reason
461210,Bastoncillos,Complementos higiene,non-grocery category
2037653,Comida Seca Perros Ultima de Pollo y Verdura,Comida Seca / Perro Mediano / Perro Grande,non-grocery category
7052970,Comida Seca Perros Dog Mini Adulto Pollo,Comida Seca / Perro Mini / Ofertas en productos para mascotas,non-grocery category
7069003,Aluminio,Papel aluminio / Bazar,non-grocery category
7069008,Aluminio,Papel aluminio / Bazar,non-grocery category
7104300,Comida para Conejos Enanos,Conejos/Roedores / Pequeñas mascotas,non-grocery category
7153906,Comida Húmeda Perros Pollo Tarrina 150,Comida Húmeda / Patés / Ofertas en productos para mascotas,non-grocery category
7164804,Bolsa Basura Autocierre Gris Perfumada  30 Litros,Bazar / Bolsas y sacos de basura,non-grocery category
7172125,Enjuague Bucal Mentol Suave Zero Alcohol,Higiene bucal / Ofertas en productos de cuidado personal,non-grocery category
7180206,Comida Húmeda Perros Senior Tarrina 150,Comida Húmeda / Patés / Ofertas en productos para mascotas,non-grocery category
7202505,Bolsas de Bocadillo,Bolsas de conservación / Bazar,non-grocery category
7214989,Enjuague Bucal Dientes y Encías Sens.,Higiene bucal,non-grocery category
7225030,Gasas no Tejidas Ojos y Cara,Complementos higiene / Vendas gasas esterilizadas,non-grocery category
7235224,Comida Seca Perros Mini Junior Pollo,Comida Seca / Perro Mini,non-grocery category
7243376,Enjuague Bucal Blanqueador,Higiene bucal / Ofertas en productos de cuidado personal,non-grocery category
7257165,Pila Alcalina AAA LR03 Pack de 4,Pilas / Ofertas en productos bazar,non-grocery category
338111,Comida Seca Perros Bon Menú,Comida Seca / Perro Mediano / Perro Grande,non-grocery category
7257152,Pila Alcalina AA LR6 Pack de 4,Pilas / Ofertas en productos bazar,non-grocery category
7167000,Comida Húmeda Gatos Gourmet Perle Buey,Comida Húmeda / Bocaditos / Ofertas en productos para mascotas,non-grocery category
7195498,Comida Seca Perros Yorkshire,Comida Seca / Perro Mini,non-grocery category
7235034,Comida para Perros Mini Pollo y Verduras,Comida Seca / Perro Mini,non-grocery category
7180359,Comida Menú para Cobayas,Mundo Acuático / Pequeñas mascotas,non-grocery category
7234032,Aceite del Árbol del Té,Cuidado personal / Parafarmacia,non-grocery category
7104289,Barritas con Vitaminas para Canarios,Canarios / Pequeñas mascotas,non-grocery category
7074982,Papel de Horno,Papel horno / Bazar,non-grocery category
7053002,Comida Seca Perros Bon Menú Mediterran.,Comida Seca / Perro Mediano / Perro Grande,non-grocery category
7104268,Barritas con Vitaminas para Periquitos,Periquitos / Pequeñas mascotas,non-grocery category
7104359,Hierba Gatos,Higiene / Cuidado y Bienestar,non-grocery category
7156904,Comida Seca Perros Ultima Senior,Comida Seca / Senior / Ofertas en productos para mascotas,non-grocery category
7211162,Snacks Dental Multipack Dentastix Perro Mediano,Sticks Dentales / Snacks / Ofertas en productos para mascotas,non-grocery category
7261134,Comida Seca Perros de Pollo & Arroz,Comida Seca / Perro Mediano / Perro Grande / Ofertas en productos para mascotas,non-grocery category
7261233,Comida Seca Perros Mini Light,Comida Seca / Perro Mini,non-grocery category
7265002,Comida Seca Perro Buey y Verduras Dog Menú,Comida Seca / Perro Mediano / Perro Grande,non-grocery category
7251122,Comida Seca Gatos  One Junior Bifensis,Comida Seca / Junior / Ofertas en productos para mascotas,non-grocery category
7276025,Base Alisadora,Rostro / Maquillaje fluido,non-grocery category
7260131,Bolsas Basura Envases 30 Litros,Bazar / Bolsas y sacos de basura,non-grocery category
7278989,Champú Arbol de Té,Cuidado personal / Parafarmacia,non-grocery category
7265031,Barrita con Fruta Para Periquitos,Periquitos / Pequeñas mascotas,non-grocery category
7265044,Barrita Fruta Para Canarios,Canarios / Pequeñas mascotas,non-grocery category
7265049,Barrita con Miel Para Periquitos,Periquitos / Pequeñas mascotas,non-grocery category
7265069,Barrita con Miel Para Canarios,Canarios / Pequeñas mascotas,non-grocery category
7261241,Comida Seca Gatos Pescado,Comida Seca / Natural / Ofertas en productos para mascotas,non-grocery category
7295228,Desinfectante Textil Sin Lejía,Aditivos para el lavado / Desinfectante Textil / Ofertas en droguería y limpieza,non-grocery category
7308158,Comida Seca Gatos Esterilizados Salmon,Comida Seca / Esterilizados / Ofertas en productos para mascotas,non-grocery category
7281822,Empapadores Mascotas 60x60 cm,Higiene,non-grocery category
7313013,Comida Húmeda Gato Salmón - Zanahoria,Comida Húmeda / Bocaditos / Ofertas en productos para mascotas,non-grocery category
7313034,Comida Húmeda Gato Salmón-Pavo,Comida Húmeda / Patés / Ofertas en productos para mascotas,non-grocery category
7317241,Bolsa para Residuos Recambios,Higiene,non-grocery category
7327211,Comida Húmeda Gatos Mon Petit Sel.Pescados,Comida Húmeda / Bocaditos / Ofertas en productos para mascotas,non-grocery category
7327901,Cuchara Desechable Maíz 6 Unidades,Cubiertos / Bazar,non-grocery category
7327906,Tenedor Desechable Maíz 6 Unidades,Cubiertos / Bazar,non-grocery category
7327914,Cuchillo Desechable Maíz 6 Unidades,Cubiertos / Bazar,non-grocery category
7332781,Cañita Papel Recta de 20 cm,Palillos y pajitas / Bazar,non-grocery category
7311405,Bolsas Basura Reciclada Cubo Alto,Bazar / Bolsas y sacos de basura,non-grocery category
7340284,Vaso Cartón Kraft 120 ml,Vasos y copas / Bazar,non-grocery category
7337157,Cucharilla de Maíz 12 cm,Cubiertos / Bazar,non-grocery category
7340987,Vasos Pla 1000 cc Desechable,Vasos y copas / Bazar,non-grocery category
7298420,Calabaza Halloween,Promocionales / Bazar,non-grocery category
7343635,Vaso Desechable Pla Compostable 220 ml,Vasos y copas / Bazar,non-grocery category
7345619,Bolsa Residuos Compostable,Higiene / Bazar,non-grocery category
7351088,Plato Grande Cartón 22 cm,"Platos, bandejas y cuencos / Bazar",non-grocery category
7356301,Enjuague Bucal Dientes y Encías,Higiene bucal / Ofertas en productos de cuidado personal,non-grocery category
7360907,Aditivo Textil,Aditivos para el lavado / Desinfectante Textil,non-grocery category
7367324,Comida Gato Seco Esterilizado TractoUrinario,Comida Seca / Cuidados Especiales / Ofertas en productos para mascotas,non-grocery category
7370000,Elimina Olores Textil En Pistola,Aditivos para el lavado / Desinfectante Textil,non-grocery category
7370591,Comida Seca Perros Razas Mini Adulto,Comida Seca / Perro Mini / Ofertas en productos para mascotas,non-grocery category
7370596,Comida Seca Gatos Esterilizados Bifensis,Comida Seca / Esterilizados / Ofertas en productos para mascotas,non-grocery category
7368327,Bastoncillos Algodón,Complementos higiene,non-grocery category
7376846,Comida Gato Lata Revelation Salmón Pack4,Comida Húmeda / Patés / Ofertas en productos para mascotas,non-grocery category
7368343,Bastoncillos Infantiles 100 % Algodón,Complementos higiene,non-grocery category
7380116,Comida Gato Lata Revelations Pollo Pack 4,Comida Húmeda / Patés / Ofertas en productos para mascotas,non-grocery category
7363257,Comida Seca Perro Adulto Menú Mediterráne,Comida Seca / Perro Mediano / Perro Grande,non-grocery category
7365182,Esponja de Baño Natural Marina,Complementos higiene / Esponjas / Accesorios y complementos,non-grocery category
7363294,Comida Seca Perros Mini Júnior Pollo Fresco,Comida Seca / Perro Mini,non-grocery category
7363265,Comida Seca Perro Razas Pequeñas Pollo,Comida Seca / Perro Mini,non-grocery category
7363260,Comida Seca Perro Adulto Músculos Fuertes,Comida Seca / Perro Mediano / Perro Grande,non-grocery category
7390540,Comida Húmeda Gatos Fit&Delicius Carne,Comida Húmeda / Patés / Ofertas en productos para mascotas,non-grocery category
7392702,Comida Seca Perros Mini Sensible Salmón,Comida Seca / Perro Mini,non-grocery category
7363307,Comida Seca Perro Salmón Fresco,Comida Seca / Perro Mediano / Perro Grande,non-grocery category
7363315,Comida Seca Perro Mini Salmón Fresco,Comida Seca / Perro Mini,non-grocery category
7373140,Comida Seca Perro Razas PequeñasCordero,Comida Seca / Perro Mini,non-grocery category
7387764,Spray Fijador Maquillaje Acabado Mate,Rostro / Maquillaje compacto / Maquillaje fluido,non-grocery category
7394687,Comida Gato Esterilizado Fit&Delicius Pescado,Comida Húmeda / Patés / Ofertas en productos para mascotas,non-grocery category
7363252,"Comida Seca Perro Buey, Pollo y Vegetales",Comida Seca / Perro Mediano / Perro Grande,non-grocery category
7400476,Base Full Cover Colorstay Sand Beige,Rostro / Maquillaje fluido,non-grocery category
7400489,Base Full Cover Colorstay Medium Beige,Rostro / Maquillaje fluido,non-grocery category
7400500,Base Full Cover Colorstay True Beige,Rostro / Maquillaje fluido,non-grocery category
7400513,Base Full Cover Colorstay Natural Tan,Rostro / Maquillaje fluido,non-grocery category
7406270,Comida para Hamster y Jerbos,Mundo Acuático / Pequeñas mascotas,non-grocery category
7406275,Comida para Loros y Cotorras,Otras Aves / Pequeñas mascotas,non-grocery category
7406283,Comida para Conejos Enanos,Conejos/Roedores / Pequeñas mascotas,non-grocery category
7403942,Papel Vegetal,Papel horno / Bazar,non-grocery category
7411692,Comida Perro Mediano Fresh Market,Comida Seca / Natural / Ofertas en productos para mascotas,non-grocery category
7411700,Comida Perro Mini Flavours of the Farm,Comida Seca / Perro Mediano / Perro Grande / Ofertas en productos para mascotas,non-grocery category
7413263,Comida para Canarios,Canarios / Pequeñas mascotas,non-grocery category
7413268,Menú para Agapornis,Otras Aves / Pequeñas mascotas,non-grocery category
7413276,Comida Para Periquitos,Periquitos / Pequeñas mascotas,non-grocery category
7416089,Aluminio,Papel aluminio / Bazar / Ofertas en productos bazar,non-grocery category
7406143,Bolsas de Papel Bocadillo,Bolsas de conservación / Bazar,non-grocery category
7406965,Esponja de Baño Bebé Extrasuave,Complementos higiene / Esponjas / Accesorios y complementos,non-grocery category
7418593,Tabletas Limpiadoras Acción Desinfectante,Higiene bucal,non-grocery category
7420156,Yogur Natural para Perros,Naturales / Snacks / Ofertas en productos para mascotas,non-grocery category
7421308,Maquillaje Mate Nº112 Fit Me,Rostro / Maquillaje fluido,non-grocery category
7421324,Maquillaje Mate Nº110 Fit Me,Rostro / Maquillaje fluido,non-grocery category
7416423,Barritas Roedores Verduras y Frutas,Mundo Acuático / Pequeñas mascotas,non-grocery category
7421993,Menú Tortugas Dr.Wu con Gammarus,Mundo Acuático / Pequeñas mascotas,non-grocery category
7421998,Menú Tortugas Dr.Wu en Sticks,Mundo Acuático / Pequeñas mascotas,non-grocery category
7422504,Menú Peces Tropicales Dr. Wo,Mundo Acuático / Pequeñas mascotas,non-grocery category
7422496,Menú para Peces de Agua Fria Dr. Wu,Mundo Acuático / Pequeñas mascotas,non-grocery category
7423077,Acondicionador Bifásico Árbol de Té,Cuidado personal / Parafarmacia,non-grocery category
7413255,Heno Ecológico de Montaña,Conejos/Roedores / Pequeñas mascotas,non-grocery category
7424658,Comida Seca Gatos Esterilizados Delicados,Comida Seca / Esterilizados / Ofertas en productos para mascotas,non-grocery category
7432057,Comida Gato Adulto Esterilizados + Hairball,Comida Seca / Esterilizados / Ofertas en productos para mascotas,non-grocery category
7436038,Crema Adhesiva Sin Sabor,Higiene bucal,non-grocery category
7439680,Toallitas Mascotas con Clorhexidina,Higiene,non-grocery category
7443880,Desinfectante Textil Essence,Aditivos para el lavado / Desinfectante Textil,non-grocery category
7439636,Maquillaje Skin Tint Vit C Nº31,Rostro / Maquillaje fluido,non-grocery category
7429496,Comida Seca Perro Adulto Rico en Buey,Comida Seca / Perro Mediano / Perro Grande,non-grocery category
7432862,Eliminador de Olores Ropa y Tejidos,Aditivos para el lavado / Desinfectante Textil,non-grocery category
7454072,Maquillaje Superstay Lumi Matte 30H Nº115,Rostro / Maquillaje fluido / Ofertas en productos de cuidado personal,non-grocery category
7454080,Maquillaje Superstay Lumi Matte 30H Nº98,Rostro / Maquillaje fluido / Ofertas en productos de cuidado personal,non-grocery category
7454788,Maquillaje Superstay Lumi Matte 30H Nº 140,Rostro / Maquillaje fluido / Ofertas en productos de cuidado personal,non-grocery category
7454791,Maquillaje Superstay Lumi Matte 30H Nº 128,Rostro / Maquillaje fluido / Ofertas en productos de cuidado personal,non-grocery category
7455819,Aceite Esencia Árbol de Té,Cuidado personal / Parafarmacia,non-grocery category
7455822,Aceite Vegetal Rosa Mosqueta,Cuidado personal / Parafarmacia,non-grocery category
7455830,Aceite Esencial Lavanda,Cuidado personal / Parafarmacia,non-grocery category
7455835,Aceite Vegetal Centella Asiatica,Cuidado personal / Parafarmacia,non-grocery category
7456564,Maquillaje Superstay Lumi Matte 30H Nª 248,Rostro / Maquillaje fluido / Ofertas en productos de cuidado personal,non-grocery category
7457976,Comida Seca Perros Dog Mini Adulto Buey,Comida Seca / Perro Mini,non-grocery category
7457005,Collar Repelente para Gatos Negro,Antiparasitarios / Cuidado y Bienestar / Accesorios / Ofertas en productos para mascotas,non-grocery category
7462161,Bolsa Basura Resistente Antigoteo,Bazar / Bolsas y sacos de basura,non-grocery category
7462174,Bolsa Basura Perfumada,Bazar / Bolsas y sacos de basura / Ofertas en droguería y limpieza / Ofertas en productos bazar,non-grocery category
7462898,Molde Papel Air Fryer 20 cm,Papel horno / Bazar,non-grocery category
7462641,Enjuague Bucal Cuidado Total,Higiene bucal,non-grocery category
7462166,Bolsa Basura Antigoteo Resistente,Bazar / Bolsas y sacos de basura,non-grocery category
7465029,Spray Bucal Fresh Sin Alcohol,Higiene bucal,non-grocery category
7465417,Prebase Maquillaje Jelly Poreless,Rostro / Maquillaje fluido,non-grocery category
7465511,Dentífrico Esmalte Clinical,Higiene bucal,non-grocery category
7468002,Lecho vegetal mascotas Clean Papel,Conejos/Roedores / Pequeñas mascotas,non-grocery category
7461411,Bolsa Basura Autocierre Blanca de 50 Litros,Bazar / Bolsas y sacos de basura,non-grocery category
7472061,Maquillaje Lifter 110 Plump&Glow,Rostro / Maquillaje fluido,non-grocery category
7472389,Maquillaje Lifter 114 Plump&Glow,Rostro / Maquillaje fluido,non-grocery category
7473429,Maquillaje Skin Tint 10,Rostro / Maquillaje fluido,non-grocery category
7475767,Base Maquillaje 129 Lifter Plump&Glow,Rostro / Maquillaje fluido,non-grocery category
7475791,Base Maquillaje 336 Lifter Plump&Glow,Rostro / Maquillaje fluido,non-grocery category
7475796,Base Maquillaje 118 Lifter Plump&Glow,Rostro / Maquillaje fluido,non-grocery category
7475804,Base Maquillaje 119 Lifter Plump&Glow,Rostro / Maquillaje fluido,non-grocery category
7476398,Comida Seca Perros Mini pollo y salmón,Comida Seca / Perro Mini,non-grocery category
7471704,Bolsa Basura Autocierre Lila Perfumada 30 Litros,Bazar / Bolsas y sacos de basura,non-grocery category
7479363,Tampón Regular Algodón Orgánico,Higiene íntima,non-grocery category
7479368,Tampón Super Algodón Orgánico,Higiene íntima,non-grocery category
7479558,Dentífrico Antidesgaste Total Prevención Activa,Higiene bucal,non-grocery category
7476047,Gotas Bronceadoras Summer Shot,Rostro / Maquillaje fluido,non-grocery category
7480416,Protector de Colchón 135-150cm,Textil,non-grocery category
7480395,Juego de Sabanas Beige 135cm,Textil,non-grocery category
7480403,Juego de Sabanas Beige 150cm,Textil,non-grocery category
7480408,Juego de Sabanas Gris 135cm,Textil,non-grocery category
7480411,Juego de Sabanas Gris 150cm,Textil,non-grocery category
7480424,Funda Nordica reversible 150cm,Textil,non-grocery category
7481802,Bruma Fijadora Facial Spray Grippy Setting,Rostro / Maquillaje compacto / Maquillaje fluido / Ofertas en productos de cuidado personal,non-grocery category
